Episode,Reward,Pre,True,Probabilities,Steps,T
0.0,307.92179311245246,0.0,0.0,-1.0,926.0,0.0031236180991384946
