Episode,Reward,Pre,True,Probabilities,Steps,T
0.0,307.92179311245246,0.0,0.0,0.003043194767087698,926.0,0.004003376734179503
