Episode,Reward,Pre,True,Probabilities,Steps,T
0.0,892.4528301886653,0.0,0.0,0.002132100285962224,1000.0,0.01167121648788452
