Episode,Reward,Pre,True,Probabilities,Steps,T
0.0,2181.98958699389,1.0,1.0,0.9044113755226135,8.0,0.003465403698521584
