Episode,Reward,Pre,True,Probabilities,Steps,T
0.0,2181.98958699389,1.0,1.0,0.6357568502426147,68.0,0.004093922040299303
