Episode,Reward,Pre,True,Probabilities,Steps,T
0.0,5406.503385570497,1.0,0.0,0.523666501045227,1000.0,0.003764409065246582
