Episode,Reward,Pre,True,Probabilities,Steps,T
0.0,5406.503385570497,0.0,0.0,0.005606164690107107,1000.0,0.004006045579910278
