Episode,Reward,Pre,True,Probabilities,Steps,T
0.0,9321.833083523097,1.0,0.0,0.8443251848220825,1000.0,0.0026677722930908204
