Episode,Reward,Pre,True,Probabilities,Steps,T
0.0,9321.833083523097,0.0,0.0,0.002381853060796857,1000.0,0.002594411849975586
