Episode,Reward,Pre,True,Probabilities,Steps,T
0.0,467.13346141315077,1.0,1.0,0.5216345191001892,54.0,0.004385346716100519
