Episode,Reward,Pre,True,Probabilities,Steps,T
0.0,467.13346141315077,1.0,1.0,0.7168959975242615,30.0,0.004167857495221225
